id;first_name;last_name;email;phone_number;identity_card;date_inspiration;nationality;upload_identity_card;upload_identity_card_content_type;type_employed;city_agency;residence_city;address;social_security_number;birth_date;birth_place;entry_date;release_date;workstation;description_workstation;level;coefficient;number_hours;average_hourly_cost;monthly_gross_amount;commission_amount;contract_type;salary_type;hire_date
1;Lelah;Metz;Gloria_Schumm75@hotmail.com;liquefy regarding;behind voluntarily why;2024-01-18T20:04:27;COTE_IVOIRE;../fake-data/blob/hipster.png;image/png;MARKETER;boohoo underneath;which after yieldingly;excluding including;barren instead;2024-01-18T05:52:02;huzzah within apply;2024-01-18T19:49:18;2024-01-18T05:44:29;utilized yowza guilty;small uh-huh;E;22103;gee eek;quarrelsomely yearningly laundry;19986;23975;CDD;ASSOCIATE;2024-01-18T12:42:11
2;Neha;Schmidt;Hyman_Greenholt42@hotmail.com;brief even lest;exhaust bah nautical;2024-01-18T12:23:32;MALI;../fake-data/blob/hipster.png;image/png;MARKETER;reshape;meh zowie impinge;between inwardly;emblazon including;2024-01-18T04:12:46;governor;2024-01-18T13:29:47;2024-01-18T05:25:36;underneath;nick bowtie;A;14696;sleepily er;clueless windy;2272;2114;EXTERNAL;ASSOCIATE;2024-01-18T18:00:59
3;Loy;Morar;Brenden.Bernhard@yahoo.com;astride whoever mud;drafty oh hm;2024-01-18T10:23:02;CAMEROON;../fake-data/blob/hipster.png;image/png;CONSULTANT;supposing anchor vice;toenail and;overconfidently extremist;daily escalate;2024-01-18T09:24:59;ravel judgementally;2024-01-17T23:48:11;2024-01-18T02:46:39;atop instance approximate;hmph;B;12699;phooey bracket phony;outlandish sedately plus;1743;23522;COMMERCIAL_AGENT;NON_EXECUTIVE_SALARIED;2024-01-18T11:49:09
4;Oran;Mayer;Vella_Padberg@hotmail.com;sharp apud;breathalyse;2024-01-18T09:17:35;COTE_IVOIRE;../fake-data/blob/hipster.png;image/png;SALARY;spiral amongst;pish;brr;incidentally upbeat;2024-01-18T20:31:55;thoroughly abaft insubstantial;2024-01-18T16:04:54;2024-01-18T22:53:52;yet weak;yippee circa;D;19160;suddenly;until;25484;14244;INTERN;ASSOCIATE;2024-01-18T04:47:47
5;Deborah;Swift;Bessie.OKeefe@hotmail.com;excepting until kindle;edible tower;2024-01-17T23:17:29;COTE_IVOIRE;../fake-data/blob/hipster.png;image/png;CONSULTANT;indeed;streak searchingly;excepting spandex;long-term;2024-01-18T16:40:21;recipe prime ovary;2024-01-18T15:11:08;2024-01-18T01:55:13;now;crawdad while watch;D;27691;excepting;overemphasize aware hie;27326;31664;CDD;EXECUTIVE_SALARIED;2024-01-18T13:55:54
6;Georgiana;Hickle;Benton18@yahoo.com;bloodflow enmesh acquaintance;whose whose diligently;2024-01-18T20:38:01;SENEGAL;../fake-data/blob/hipster.png;image/png;SALARY;indeed candid;cuddly sleepily;incidentally zowie;huzzah;2024-01-18T21:39:28;elated ha while;2024-01-18T18:17:11;2024-01-18T11:12:22;congeal tangible commandment;mammoth modulo now;E;28791;moisten;whoever;18070;23388;CDD;EXECUTIVE_SALARIED;2024-01-18T02:47:58
7;Brady;Casper;Marjory_Bosco26@gmail.com;yippee ugh;plenty after;2024-01-18T09:05:36;MALI;../fake-data/blob/hipster.png;image/png;SALARY;than;pair;eek;yowza alongside;2024-01-18T15:46:59;but to stark;2024-01-18T16:51:40;2024-01-18T17:39:33;unfit charming meanwhile;pesky indeed but;D;27637;uncommon;exactly that harmonize;803;17269;CDI;NON_EXECUTIVE_SALARIED;2024-01-18T21:00:49
8;Ernie;Beatty;Otilia8@hotmail.com;excerpt source;paw heavily boring;2024-01-18T17:23:30;MALI;../fake-data/blob/hipster.png;image/png;MARKETER;stereotype ew midst;throughout;hence;popularity pro;2024-01-18T14:49:40;phew waterfall absolute;2024-01-18T01:22:34;2024-01-18T20:49:45;phooey;aha;B;16107;circa;valiantly;24841;1453;CDD;ASSOCIATE;2024-01-18T12:24:11
9;Jamal;Bergstrom;Rosa_Hermann42@yahoo.com;really hm ragged;ruddy;2024-01-18T07:09:23;CAMEROON;../fake-data/blob/hipster.png;image/png;SALARY;wildly segue;once boohoo;enchanted;likewise joshingly from;2024-01-18T11:37:56;lentil and;2024-01-18T01:13:23;2024-01-18T09:40:16;ranger backfill;but exemplary;E;25588;yum guard;save;10670;31400;COMMERCIAL_AGENT;ASSOCIATE;2024-01-18T14:00:07
10;Addie;Reinger;Jazmyn_Ernser@yahoo.com;ah;ripe;2024-01-18T10:47:24;SENEGAL;../fake-data/blob/hipster.png;image/png;MARKETER;upend lavish;that calmly receptor;though situate raincoat;athwart oof;2024-01-18T20:30:24;famously;2024-01-18T13:12:48;2024-01-18T17:18:40;waterspout gosh because;yippee cc function;E;11870;innocent;likewise;20625;9153;INTERN;ASSOCIATE;2024-01-18T20:13:28
